{"test/Coverage":0.854806739345887,"test/Overall_Score":0.363380584218376,"test/NDCG@K":0.1634543312167693,"_wandb":{"runtime":0},"_runtime":0,"_timestamp":1.778070618818461e+09,"test/PopularityBias":0.2132427742281637,"model_name":"KNN-CF","_step":0,"test/MRR":0.1381643744004379,"test/Recall@K":0.1615271367032733,"test/HitRate@K":0.2508074028308245}